References,Component,Value,Qty,Footprint
BT1,Multiple-cell battery,9V,1,morse-blinky:BatteryHolder_LINK_BAT-HLD-001-SMT
C1,Unpolarized capacitor,100n,1,Capacitor_SMD:C_0805_2012Metric_Pad1.15x1.40mm_HandSolder
C2,Unpolarized capacitor,1U,1,Capacitor_SMD:C_0805_2012Metric_Pad1.15x1.40mm_HandSolder
D1,Light emitting diode,LED,1,LED_SMD:LED_0805_2012Metric_Pad1.15x1.40mm_HandSolder
"R1, R2",Resistor,56K,2,Resistor_SMD:R_0805_2012Metric_Pad1.15x1.40mm_HandSolder
R3,Resistor,56,1,Resistor_SMD:R_0805_2012Metric_Pad1.15x1.40mm_HandSolder
U1,7555,,1,Package_SO:SOIC-8_3.9x4.9mm_P1.27mm
U2,74HC193,,1,Package_SO:SOIC-16_3.9x9.9mm_P1.27mm
U3,74HC04,,1,Package_SO:SOIC-14_3.9x8.7mm_P1.27mm
U4,74HC32,,1,Package_SO:SOIC-14_3.9x8.7mm_P1.27mm
U5,74HC08,,1,Package_SO:SOIC-14_3.9x8.7mm_P1.27mm
U6,74HC11,,1,Package_SO:SOIC-14_3.9x8.7mm_P1.27mm
